,class_number,is_rong,is_new,is_active,online_dur,cust_age,sex,offer_type,month_charge,arpu,avg_flow,month_flow,flow_trend,trmnl_kind,thrmonth_avgarpu,arpu_trend,trmnl_month,is_contract,agr_exp_date,callll_dur,calling_dur,called_dur,roamcall_dur,call_dur_avg,calling_dur_avg,called_dur_avg,roamcall_dur_avg,thrmon_call_trend,thrmon_calling_trend,thrmon_called_trend,thrmon_roamcall_trend,calling_flow,is_zeroflow,is_highflow,is_flow_over,flow_rate,predict,target,prob
883,0,0,0,1,24,47,1,0,4882,2292,0.019191424,0.057574272,3.0,2,1524.0,1.503937008,290,0,23800,384.0,209.0,174.0,0.0,437.0,258.0,0.0,0.0,0.878718535,0.810077519,0.0,0.0,0.544270833,1,0,0,0.0028808590000000004,0,0,[0.99814795 0.00185205]
683,0,0,0,1,27,68,1,0,3213,1140,0.001462301,0.0,0.0,2,1140.0,1.0,118,0,23800,33.0,4.0,29.0,0.0,36.0,6.0,0.0,0.0,0.916666667,0.666666667,0.0,0.0,0.12121212099999999,1,0,0,0.0,0,0,[9.99751446e-01 2.48553625e-04]
422,0,0,0,1,44,64,1,0,4352,4518,55.07082303,165.2124691,3.0,2,3384.333333,1.334974884,104,0,23800,19847.6,102.6,191.0,18453.0,20456.1,369.1,533.0,0.0,0.9702533720000001,0.277973449,0.358348968,0.0,0.005169391,0,0,1,8.270507813,0,0,[0.99580444 0.00419556]
439,0,0,0,1,35,62,1,0,4570,1163,0.0,0.0,0.0,2,1163.0,1.0,91,0,23800,121.1,26.1,95.0,0.1,125.3,0.0,99.2,0.0,0.966480447,0.0,0.95766129,0.0,0.21552436,1,0,0,0.0,0,0,[9.99922961e-01 7.70386234e-05]
74,0,2,0,1,54,32,0,0,22558,8007,1333.905499,3707.4801020000004,2.779417361,2,7397.0,1.082465865,109,0,23800,16977.5,356.8,68.7,16835.2,17754.0,370.3,0.0,0.0,0.9562633770000001,0.963543073,0.0,0.0,0.021016051,0,1,1,1.810573101,0,1,[0.95456666 0.04543334]
109,2,0,0,1,58,49,1,0,30262,21422,396.7147392,1190.144217,3.0,2,9632.333333,2.223967886,97,0,23800,4296.0,77.0,241.0,3978.0,4740.3,226.3,536.0,0.0,0.906271755,0.34025629700000004,0.449626866,0.0,0.01792365,0,1,1,59.51162109,0,1,[0.98130735 0.01869265]
193,0,2,0,1,31,27,0,0,10822,4268,19.4113938,56.82721519,2.927518538,1,4198.0,1.0166746070000001,1023,0,23800,1274.5,74.5,38.0,1162.0,1559.5,239.5,157.0,0.0,0.817249118,0.311064718,0.242038217,0.0,0.058454295999999996,0,0,0,0.05554676099999999,1,1,[0.04774116 0.95225884]
239,0,2,0,1,40,42,0,0,12201,4607,904.8580491,2714.574147,3.0,2,4600.333333,1.00144917,107,0,23800,10523.4,95.4,73.0,10355.0,10544.4,116.4,0.0,0.0,0.9980084220000001,0.819587629,0.0,0.0,0.009065511,0,1,1,1.3255777359999998,0,0,[0.99413256 0.00586744]
404,0,0,0,1,28,34,0,0,1155,1295,10.53313351,31.59940052,3.0,2,1191.666667,1.086713287,99,0,23800,1091.4,87.2,7.2,998.2,1122.4,0.0,38.2,0.0,0.972380613,0.0,0.188481675,0.0,0.07989738,0,0,1,1.580517578,0,0,[9.99523922e-01 4.76077807e-04]
77,0,2,0,1,49,51,0,0,16332,3489,198.45044009999998,595.3277072999999,2.999881013,2,3948.333333,0.883663993,202,0,0,979.0,6.0,3.0,970.0,1027.5,41.0,0.0,986.6,0.9527980540000001,0.146341463,0.0,0.9831745390000001,0.006128703,0,1,0,0.581396103,0,1,[0.99433526 0.00566474]
243,0,2,0,1,22,47,0,0,13039,3702,230.0009184,689.8320522000001,2.999257816,2,3702.0,1.0,248,0,23800,9514.0,2.0,2.0,0.0,9536.5,20.5,5.0,0.0,0.9976406440000001,0.097560976,0.4,0.0,0.000210217,0,1,0,0.6737480159999999,0,0,[0.90699272 0.09300728]
508,0,0,0,1,93,51,1,0,22481,11729,347.36017799999996,1038.331168,2.989206115,0,5963.0,1.9669629380000002,291,0,23800,13041.3,155.7,210.6,13034.3,13702.6,390.0,381.6,13504.7,0.9517390859999999,0.399230769,0.551886792,0.965167682,0.011938994,0,1,1,2.595944824,0,0,[0.9846354 0.0153646]
254,4,2,0,1,36,37,1,0,10333,8892,28.97176075,86.91528225,3.0,2,9191.333333,0.967433089,95,0,388,569.8,9.8,6.0,490.0,571.8,11.8,0.0,0.0,0.996502274,0.830508475,0.0,0.0,0.017199017,0,0,0,0.072443034,0,0,[0.99877277 0.00122723]
534,0,0,0,1,48,39,1,0,4592,3095,70.83197085,95.51314449,1.348446801,2,2696.666667,1.147713226,135,0,-11,8702.8,55.8,53.0,0.0,9192.6,181.6,203.0,0.0,0.946718012,0.307268722,0.261083744,0.0,0.00641173,0,0,0,1.0,0,0,[0.96477442 0.03522558]
593,0,0,0,1,64,63,1,0,12845,7540,118.79819009999999,324.910017,2.73497447,2,5780.0,1.30449827,213,0,23800,11180.4,279.2,136.2,9433.2,11948.7,440.3,297.4,10090.5,0.935700118,0.634113105,0.457969065,0.9348595209999999,0.024972273,0,0,1,1.251183143,0,0,[0.99164778 0.00835222]
266,0,0,0,1,58,28,0,0,6291,4163,58.90766970000001,176.5880318,2.997708663,2,2654.333333,1.5683787519999999,105,0,23800,21420.2,31.2,49.0,21338.0,21526.2,73.2,106.0,0.0,0.995075768,0.426229508,0.462264151,0.0,0.001456569,0,0,1,8.836279297,0,0,[9.99154095e-01 8.45905102e-04]
843,0,0,0,1,35,64,1,0,4611,1140,0.0,0.0,0.0,0,1140.0,1.0,131,0,23800,208.3,20.3,188.0,0.0,235.3,47.3,0.0,0.0,0.8852528690000001,0.429175476,0.0,0.0,0.09745559300000001,1,0,0,0.0,0,0,[9.99906498e-01 9.35018526e-05]
831,0,2,0,1,36,42,0,0,13496,4968,0.0,0.0,0.0,2,4788.0,1.037593985,113,0,23800,425.3,336.3,89.0,0.0,479.3,385.3,0.0,0.0,0.887335698,0.8728263690000001,0.0,0.0,0.7907359509999999,1,0,0,0.0,0,0,[0.95848744 0.04151256]
438,0,2,0,1,41,43,1,0,15953,9720,113.2622309,339.78669260000004,3.0,2,10458.66667,0.9293727690000001,115,0,23800,1478.0,57.0,84.0,1337.0,1529.0,66.0,126.0,0.0,0.966644866,0.8636363640000001,0.666666667,0.0,0.038565629,0,0,0,0.849562988,0,0,[0.9910857 0.0089143]
413,1,0,0,1,42,35,0,0,29278,15692,531.3230103999999,1593.969031,3.0,2,6497.333333,2.415144675,117,0,23800,5099.0,94.0,86.0,3711.0,5250.0,183.0,148.0,0.0,0.971238095,0.513661202,0.581081081,0.0,0.018434987,0,0,1,2.0,0,0,[0.99849325 0.00150675]
708,0,0,0,1,28,49,1,0,6078,1140,3.336182276,9.998962402,2.9971271269999997,1,1576.0,0.7233502540000001,474,0,23800,2634.1,11.1,95.0,0.0,2888.6,93.3,264.3,0.0,0.911895036,0.118971061,0.35944003,0.0,0.004213963,0,0,0,0.502050781,0,0,[9.99488157e-01 5.11843052e-04]
884,0,0,0,1,42,52,0,0,25355,18536,45.30142816,135.2617264,2.985815942,2,12345.33333,1.501458041,271,0,-18,6710.7,302.0,241.7,6454.9,7638.2,718.6,726.6,6620.1,0.878570867,0.42026162,0.332645197,0.9750456940000001,0.045002757000000004,0,0,1,2.0,0,0,[0.96820614 0.03179386]
713,0,0,0,1,44,49,0,0,8799,8039,167.9033578,477.7492151000001,2.845382137,2,7440.333333,1.080462345,324,0,23800,5330.7,22.1,32.6,5329.7,5853.9,44.3,78.6,5850.9,0.9106236870000001,0.49887133200000006,0.41475827,0.910919688,0.0041457970000000005,0,0,1,1.194682617,0,0,[0.99894632 0.00105368]
679,0,0,0,1,35,19,1,0,2957,3350,250.29288640000001,692.1914616,2.765525906,2,2433.666667,1.376523764,119,0,23800,6135.0,6.0,0.0,6072.0,6692.3,8.3,0.0,0.0,0.916725192,0.7228915659999999,0.0,0.0,0.000977995,0,1,1,2.0,0,0,[9.99804133e-01 1.95866612e-04]
478,0,0,0,1,31,27,1,0,9701,9020,454.1001517,1342.203434,2.955743197,2,6222.333333,1.449616971,112,0,23800,19551.5,86.8,59.7,19550.5,20431.8,108.3,70.5,20410.8,0.9569152009999999,0.801477378,0.846808511,0.957850746,0.004439557,0,1,1,1.67784668,0,0,[0.99491529 0.00508471]
246,0,0,0,1,32,49,1,0,2011,1257,24.65375868,73.96127605,3.0,2,1179.0,1.066157761,144,0,23800,763.2,5.2,0.0,762.2,765.2,7.2,0.0,0.0,0.9973863040000001,0.7222222220000001,0.0,0.0,0.0068134169999999996,0,0,1,1.065234375,0,0,[0.99881388 0.00118612]
625,0,0,0,1,103,49,1,0,0,2568,196.494853,532.7596884,2.711316252,1,856.0,3.0,748,0,23800,22276.8,226.0,496.8,522.8,23946.0,636.0,1338.0,0.0,0.93029316,0.35534591200000004,0.37130044799999995,0.0,0.010145084,0,1,1,2.6641650390000002,0,0,[0.99571815 0.00428185]
675,0,0,0,1,34,40,1,0,3654,5611,349.73479810000003,1047.625123,2.995484375,2,5563.0,1.008628438,151,0,23800,4916.1,30.1,99.0,4787.0,5356.5,113.5,279.0,4964.0,0.9177821340000001,0.26519823800000003,0.35483871,0.964343272,0.00612274,0,1,1,2.014762996,0,0,[0.99839718 0.00160282]
423,0,2,0,1,45,0,2,0,19320,5163,52.58991782,142.717742,2.713785225,2,5163.0,1.0,113,0,4,25117.7,163.8,69.9,16566.3,25892.8,301.7,131.1,0.0,0.970065037,0.542923434,0.533180778,0.0,0.006521298000000001,0,0,0,0.139445305,0,0,[0.9984457 0.0015543]
481,0,0,0,1,63,68,1,0,16116,1900,0.0,0.0,0.0,0,1900.0,1.0,17496,0,23800,22.0,22.0,0.0,0.0,23.0,23.0,0.0,0.0,0.956521739,0.956521739,0.0,0.0,1.0,1,0,0,0.0,0,0,[9.99132782e-01 8.67218366e-04]
366,0,2,0,1,51,35,1,0,10141,3566,31.51758639,94.55275917,3.0,2,3566.0,1.0,106,0,23800,745.1,58.1,26.0,0.0,760.1,72.1,0.0,0.0,0.980265755,0.805825243,0.0,0.0,0.077976111,0,0,0,0.11826416,0,0,[0.97364001 0.02635999]
336,0,0,0,1,34,23,0,0,888,1440,3.607358615,6.193947792,1.717031339,1,1443.333333,0.9976905309999999,95,0,23800,1249.0,0.0,0.0,0.0,1267.0,0.0,0.0,0.0,0.985793212,0.0,0.0,0.0,0.0,1,0,0,0.310888672,0,0,[9.99909999e-01 9.00006558e-05]
116,0,2,0,1,48,30,1,0,9139,4300,10.77455775,32.07862091,2.97725639,2,3623.666667,1.186643363,427,0,23800,5096.0,131.0,74.0,0.0,5687.0,414.0,375.0,0.0,0.896078776,0.31642512100000003,0.197333333,0.0,0.025706436000000003,0,0,0,0.015674591,0,1,[0.77299567 0.22700433]
36,0,2,0,1,48,32,0,0,15710,6647,105.9873219,308.7784901,2.913353075,2,5776.0,1.150796399,93,0,23800,6835.0,120.0,11.0,6718.0,6948.0,123.0,0.0,0.0,0.983736327,0.975609756,0.0,0.0,0.017556693,0,0,0,0.301724434,0,1,[0.99494331 0.00505669]
755,0,0,0,1,31,41,1,0,64,1567,0.0,0.0,0.0,2,1412.333333,1.109511447,421,0,23800,27.7,26.7,1.0,0.0,30.7,29.7,0.0,0.0,0.90228013,0.898989899,0.0,0.0,0.9638989170000001,1,0,0,0.0,0,0,[9.99950556e-01 4.94441133e-05]
626,0,2,0,1,35,50,1,0,11590,3800,0.0,0.0,0.0,2,3466.666667,1.096153846,89,0,23800,40.0,25.0,15.0,0.0,43.0,28.0,0.0,0.0,0.9302325579999999,0.892857143,0.0,0.0,0.625,1,0,0,0.0,0,0,[0.99898574 0.00101426]
544,0,0,0,1,27,27,1,0,5292,1900,10.09440804,28.3590498,2.809382155,2,1876.6666670000002,1.012433393,534,0,23800,8622.2,72.2,61.0,5582.0,9126.4,254.4,335.0,0.0,0.944753682,0.28380503100000004,0.182089552,0.0,0.008373733000000001,0,0,1,1.43203125,0,0,[9.99799966e-01 2.00034035e-04]
506,0,0,0,1,27,35,1,0,-123,2850,76.93656985,229.5844955,2.9840750110000003,2,1710.0,1.6666666669999999,119,0,23800,553.0,2.0,0.0,0.0,581.0,6.0,0.0,0.0,0.951807229,0.333333333,0.0,0.0,0.0036166370000000002,0,0,1,11.48046875,0,0,[9.99573140e-01 4.26860276e-04]
651,0,2,0,1,44,29,1,0,21789,9033,135.8893147,407.667944,3.0,0,6200.333333,1.456857158,678,0,23800,4842.1,92.1,44.0,4706.0,5238.1,303.1,229.0,0.0,0.924400069,0.303860112,0.192139738,0.0,0.019020673000000002,0,0,0,0.398361206,0,0,[0.90832029 0.09167971]
317,0,2,0,1,42,39,0,0,16802,4173,9.153790474,22.68377781,2.478074834,2,4169.666667,1.000799424,474,0,23800,2620.0,0.0,0.0,2601.0,2648.0,5.0,0.0,0.0,0.989425982,0.0,0.0,0.0,0.0,0,0,0,0.022211075,0,0,[0.86088653 0.13911347]
548,0,0,0,1,62,54,1,0,27036,4910,9.432655017,28.29796505,3.0,1,4770.0,1.029350105,108,0,23800,10859.2,164.2,252.0,181.0,11503.6,405.6,655.0,0.0,0.943982753,0.40483234700000004,0.384732824,0.0,0.015120818999999999,0,0,1,1.441113281,0,0,[0.99577686 0.00422314]
237,0,2,0,1,53,38,0,0,22976,2902,0.310049057,0.930147171,3.0,1,3196.333333,0.90791532,100,0,23,1153.0,1.0,1.0,2.0,1155.0,3.0,0.0,0.0,0.998268398,0.333333333,0.0,0.0,0.000867303,1,0,0,0.000923157,0,0,[0.98997965 0.01002035]
64,0,2,0,1,60,40,1,0,10000,4354,82.38620822,247.15862459999997,3.0,2,4354.0,1.0,88,0,23800,5626.8,33.8,46.0,0.0,5822.2,103.2,172.0,0.0,0.966438803,0.32751938,0.26744186,0.0,0.006006966999999999,0,0,0,0.24335384399999999,1,1,[0.00676675 0.99323325]
105,0,0,0,1,50,54,1,0,2894,1900,7.625010173,20.44027901,2.680688752,1,1900.0,1.0,158,0,23800,268.0,0.0,3.0,0.0,294.0,1.0,0.0,0.0,0.911564626,0.0,0.0,0.0,0.0,0,0,1,1.022265625,0,1,[9.99818799e-01 1.81201274e-04]
839,0,0,0,1,49,22,1,0,11305,9205,385.6535428,1117.973926,2.898907443,2,6577.333333,1.399503345,630,0,-25,6209.6,44.1,115.5,5947.5,7006.0,232.5,447.5,6223.5,0.8863260059999999,0.18967741899999999,0.258100559,0.9556519640000001,0.007101906999999999,0,1,0,0.873824941,0,0,[0.96276851 0.03723149]
954,0,0,0,1,34,74,1,0,3723,1140,0.102859497,0.308578491,3.0,0,1140.0,1.0,165,0,23800,186.6,22.6,42.0,0.0,215.2,36.2,0.0,0.0,0.867100372,0.624309392,0.0,0.0,0.121114684,1,0,0,0.016064453,0,0,[9.99833276e-01 1.66723875e-04]
950,0,2,0,1,44,45,1,0,4276,10526,33.014175099999996,74.12014961,2.24510076,1,10526.0,1.0,308,0,4,2412.2,12.3,11.9,2411.2,2779.1,42.9,99.2,2776.1,0.8679788420000001,0.286713287,0.11995967699999999,0.868556608,0.00509908,0,0,0,0.07242775,0,0,[0.96609102 0.03390898]
716,0,2,0,1,35,43,1,0,27627,9429,57.69201787,173.0760536,3.0,2,6971.666667,1.352474301,98,0,23800,556.0,4.0,13.0,551.0,611.0,33.0,39.0,0.0,0.909983633,0.12121212099999999,0.333333333,0.0,0.007194245,0,0,0,0.084472656,0,0,[0.81878446 0.18121554]
480,0,0,0,1,48,0,2,0,1520,4930,74.57737033,221.82152459999998,2.9743811510000002,2,4916.666667,1.0027118640000001,160,0,23800,3000.0,0.0,0.0,3000.0,3135.8,69.8,0.0,0.0,0.956693667,0.0,0.0,0.0,0.0,0,0,1,1.109355469,0,0,[9.99879479e-01 1.20521398e-04]
734,0,0,0,1,32,49,0,0,4894,7029,124.82083770000001,186.6645479,1.495459824,2,4850.0,1.449278351,119,0,23800,13733.5,77.6,88.9,13725.5,15155.1,243.8,238.3,14973.1,0.9061965940000001,0.318293683,0.37305916899999997,0.9166772409999999,0.005650417,0,0,1,9.337402344,0,0,[0.99594868 0.00405132]
805,0,0,0,1,37,25,1,0,2174,3704,111.09651219999999,25.05211163,0.225498633,2,4572.666667,0.810030617,112,0,23800,13097.5,7.7,4.8,13096.5,14666.5,7.7,0.0,14655.5,0.893021512,1.0,0.0,0.893623554,0.000587898,0,0,1,1.258203125,0,0,[0.99735506 0.00264494]
298,0,0,0,1,54,27,0,0,6958,3080,38.34996986,115.04990959999999,3.0,2,2293.333333,1.343023256,695,0,23800,13206.5,50.5,46.0,0.0,13314.5,95.5,109.0,0.0,0.991888543,0.528795812,0.42201834899999996,0.0,0.003823875,0,0,1,2.0,0,0,[9.99665684e-01 3.34315778e-04]
18,0,2,0,1,41,29,1,0,20195,9094,0.0,0.0,0.0,2,6287.0,1.446476857,526,0,23800,365.1,262.1,98.0,0.0,367.1,264.1,0.0,0.0,0.994551893,0.9924271109999999,0.0,0.0,0.717885511,1,0,0,0.0,0,1,[0.79504353 0.20495647]
5,0,2,0,1,53,54,1,0,13696,10710,811.4800116,2434.440035,3.0,2,5432.666667,1.971407535,531,0,-20,5355.9,385.2,482.7,4647.4,5360.9,387.2,0.0,0.0,0.999067321,0.994834711,0.0,0.0,0.071920686,0,1,1,4.057578125,1,1,[0.00378815 0.99621185]
726,0,2,0,1,45,49,1,0,22358,5163,9.558117549,28.67435265,3.0,2,4829.666667,1.069017876,349,0,4,1034.2,9.2,21.0,1031.2,1137.7,67.7,66.0,1131.7,0.909026984,0.135893648,0.318181818,0.911195547,0.008895765,0,0,0,0.028027534,0,0,[0.95170631 0.04829369]
351,0,0,0,1,56,49,0,0,20305,15937,243.53599739999999,730.6079922,3.0,2,8912.333333,1.788196133,263,0,23800,4184.3,117.6,41.7,151.3,4257.3,140.1,92.2,218.3,0.982852982,0.8394004279999999,0.45227765700000006,0.693082913,0.028105058999999998,0,1,1,3.653237305,0,0,[9.99753152e-01 2.46847604e-04]
453,0,0,0,1,28,40,1,0,3367,8796,185.3734595,556.1203785,3.0,2,4108.0,2.1411879259999997,90,0,23800,5431.1,308.1,38.0,0.0,5638.5,384.5,167.0,0.0,0.963217168,0.80130039,0.22754491,0.0,0.056728839,0,1,1,27.8090332,0,0,[9.99128432e-01 8.71568187e-04]
608,0,2,0,1,50,47,1,0,47926,16479,182.88343909999998,536.5884304,2.934046041,2,8067.666667,2.042598025,215,0,23800,9945.0,235.0,94.0,9616.0,10659.3,600.3,257.0,9802.0,0.932988095,0.391470931,0.365758755,0.9810242809999999,0.023629965,0,1,0,0.26210260399999996,0,0,[0.90357884 0.09642116]
301,0,0,0,1,37,0,2,0,0,9000,0.482463837,1.435089111,2.97450089,0,9000.0,1.0,2516,0,23800,7815.0,5.0,0.0,0.0,7882.0,12.0,0.0,0.0,0.991499619,0.41666666700000005,0.0,0.0,0.000639795,1,0,0,0.0016992189999999999,0,0,[9.99771252e-01 2.28747623e-04]
787,0,0,0,1,36,32,1,0,7764,21373,407.361036,1222.083108,3.0,2,12244.33333,1.745542156,93,0,23800,10706.2,638.2,515.0,9473.0,11953.1,1302.1,1098.0,0.0,0.895683965,0.49013132600000003,0.46903460799999996,0.0,0.059610319,0,1,1,3.819332886,0,0,[0.99631739 0.00368261]
87,0,0,0,1,64,53,1,0,5468,2900,4.045642535,11.0259676,2.7253934330000003,1,2233.333333,1.298507463,791,0,-39,3530.5,56.5,91.0,0.0,3776.5,147.5,216.0,0.0,0.93486032,0.383050847,0.421296296,0.0,0.016003398999999998,0,0,0,0.09210612,1,1,[0.00767877 0.99232123]
177,0,2,0,1,38,59,1,0,22516,4952,0.0,0.0,0.0,1,4782.666667,1.035405631,413,0,23800,5.0,0.0,0.0,0.0,6.0,1.0,0.0,0.0,0.833333333,0.0,0.0,0.0,0.0,1,0,0,0.0,1,1,[0.00105029 0.99894971]
701,0,0,0,1,39,52,1,0,1679,1140,0.49172592200000004,1.419362068,2.8864902289999996,2,1158.0,0.984455959,303,0,23800,5337.5,49.5,86.0,0.0,5844.4,166.4,475.0,0.0,0.9132674009999999,0.297475962,0.181052632,0.0,0.009274005,1,0,0,0.073388672,0,0,[9.99863703e-01 1.36297370e-04]
649,0,0,0,1,53,50,0,0,1320,2100,10.36945693,6.1206684110000005,0.590259302,2,2033.3333329999998,1.032786885,486,0,23800,4301.0,62.0,62.0,0.0,4650.3,171.3,131.0,0.0,0.924886566,0.36193812,0.473282443,0.0,0.014415252,1,0,0,0.30961914100000004,0,0,[9.99949602e-01 5.03984101e-05]
588,0,2,0,1,46,50,0,0,17379,4579,166.785346,500.19958110000005,2.9990619260000004,2,4301.666667,1.064471135,94,0,4,4963.6,106.7,59.9,4962.6,5297.9,246.6,226.3,5293.9,0.9368995259999999,0.432684509,0.264692886,0.937418538,0.021496493999999998,0,1,0,0.488619804,0,0,[0.99104293 0.00895707]
742,0,2,0,1,36,26,1,0,12894,3569,1.694294294,5.082882881000001,3.0,2,3567.0,1.000560695,323,0,23800,421.9,13.9,1.0,0.0,466.3,50.3,0.0,0.0,0.9047823290000001,0.276341948,0.0,0.0,0.032946196000000004,1,0,0,0.006359863,0,0,[0.99790672 0.00209328]
874,0,0,0,1,26,64,0,0,14495,5971,0.080975215,0.0,0.0,1,2804.666667,2.128951747,453,0,23800,241.1,45.2,195.9,195.6,274.1,61.9,209.2,0.0,0.8796059829999999,0.7302100159999999,0.9364244740000001,0.0,0.187474077,1,0,0,0.0,0,0,[9.99827518e-01 1.72481714e-04]
160,0,2,0,1,40,57,1,0,15664,4592,12.58748245,37.76244736,3.0,1,4405.333333,1.042372881,287,0,23800,4005.5,74.8,318.7,4005.5,4726.9,400.2,714.7,4726.9,0.8473841209999999,0.186906547,0.44592136600000004,0.8473841209999999,0.018674323,0,0,0,0.0362463,1,1,[0.04814422 0.95185578]
368,0,0,0,1,80,0,2,0,6000,4261,20.30958049,60.92874146,3.0,2,3133.666667,1.3597489630000001,346,0,23800,1820.0,1.0,12.0,1807.0,1857.0,17.0,0.0,0.0,0.98007539,0.058823529000000006,0.0,0.0,0.000549451,0,0,1,2.0,0,0,[9.99250936e-01 7.49064410e-04]
887,0,0,0,1,78,44,1,0,17193,10,0.08726565,0.261796951,3.0,2,1630.0,0.0061349690000000005,88,0,23800,65.0,1.0,0.0,64.0,74.0,2.0,0.0,0.0,0.878378378,0.5,0.0,0.0,0.015384615,1,0,0,0.013232421999999999,0,0,[0.93127714 0.06872286]
225,0,0,0,1,60,28,1,0,1789,1940,27.84423097,83.53269291,3.0,2,1930.0,1.005181347,627,0,23800,2305.0,0.0,0.0,2305.0,2306.8,1.0,0.0,0.0,0.999219698,0.0,0.0,0.0,0.0,0,0,1,2.0,0,0,[9.99915960e-01 8.40401935e-05]
551,0,2,0,1,44,50,1,0,11200,4343,33.40261428,71.56495094,2.142495505,2,4343.0,1.0,100,0,5,2588.9,57.9,14.0,2482.0,2744.9,59.9,0.0,0.0,0.9431673290000001,0.9666110179999999,0.0,0.0,0.022364711000000002,0,0,0,0.069964409,0,0,[0.97186393 0.02813607]
11,0,2,0,1,49,38,1,0,27732,16218,966.9470732999999,2882.049441,2.980565866,2,10932.0,1.483534577,110,0,-18,12485.0,729.7,594.3,11241.2,12512.0,731.7,0.0,11267.2,0.9978420720000001,0.997266639,0.0,0.997692417,0.058446135,0,1,1,2.8148069380000003,0,1,[0.54270177 0.45729823]
84,0,2,0,1,34,46,1,0,13605,8350,100.3553562,300.8667822,2.998014192,0,5962.666667,1.400380143,151,0,23800,670.0,23.0,1.0,646.0,714.0,52.0,12.0,0.0,0.93837535,0.44230769200000003,0.083333333,0.0,0.034328357999999996,0,0,0,0.146084309,0,1,[0.98741552 0.01258448]
826,0,2,0,1,35,19,1,0,15756,4698,709.5831232,1253.169542,1.76606447,2,4698.0,1.0,98,0,23800,6293.8,52.0,112.8,6292.8,7085.9,124.8,0.0,7083.9,0.888214623,0.41666666700000005,0.0,0.888324228,0.008262099,0,1,1,1.04443278,0,0,[0.92784023 0.07215977]
455,0,0,0,1,87,62,1,0,2635,5731,86.46974055,259.4092216,3.0,2,3327.0,1.7225728880000002,295,0,23800,16812.0,158.0,126.0,0.0,17468.0,426.0,514.0,0.0,0.962445615,0.37089201899999996,0.245136187,0.0,0.009398049,0,0,1,2.0,0,0,[0.84455705 0.15544295]
624,0,0,0,1,27,51,0,0,3871,1563,3.2650594710000003,7.305630684,2.237518412,1,1816.6666670000002,0.860366972,799,0,23800,6909.8,124.8,82.0,0.0,7427.1,421.1,300.0,0.0,0.930349665,0.296366659,0.273333333,0.0,0.018061304,1,0,0,0.375537109,0,0,[9.99904468e-01 9.55315890e-05]
222,0,0,0,1,39,53,1,0,2904,3835,174.1342382,522.4027146999999,3.0,1,2120.666667,1.8083935869999999,99,0,23800,16702.9,205.0,82.9,0.9,16714.9,207.0,0.0,0.0,0.999282078,0.9903381640000001,0.0,0.0,0.012273318,0,1,1,1.0047475959999999,0,0,[0.97248141 0.02751859]
771,0,0,0,1,41,50,1,0,7854,4714,34.15126006,90.21421623,2.641607252,1,4171.333333,1.130094294,936,0,-17,4852.6,118.6,32.0,0.0,5400.4,241.4,65.0,0.0,0.898563069,0.491300746,0.492307692,0.0,0.024440506,0,0,1,2.0,0,0,[0.99682749 0.00317251]
499,0,0,0,1,41,52,0,0,4267,2730,0.168368975,0.5051069260000001,3.0,2,2730.0,1.0,113,0,-17,40.0,9.0,3.0,28.0,42.0,11.0,0.0,0.0,0.9523809520000001,0.818181818,0.0,0.0,0.225,1,0,0,0.025292969,0,0,[0.99871116 0.00128884]
153,0,2,0,1,48,34,0,0,5531,7894,46.99889723,72.18896103,1.53597138,2,7898.0,0.9994935429999999,271,0,1,3287.0,51.0,2.0,3234.0,3846.0,153.0,0.0,3690.0,0.854654186,0.333333333,0.0,0.8764227640000001,0.015515668,0,1,0,0.75778388,1,1,[0.03457011 0.96542989]
507,0,2,0,1,36,15,1,0,18505,3321,24.48380438,73.45141315,3.0,2,3194.333333,1.039653553,107,0,23800,1086.1,131.1,58.0,515.0,1141.1,164.1,80.0,0.0,0.951800894,0.798903108,0.725,0.0,0.12070711699999999,0,0,0,0.022323499,0,0,[0.99783704 0.00216296]
568,0,0,0,1,53,51,0,0,21166,5935,39.42555237,101.0693283,2.563548821,2,3445.0,1.722786647,180,0,23800,10285.1,344.1,83.0,9858.0,10934.8,506.8,386.0,10042.0,0.94058419,0.678966062,0.215025907,0.981676957,0.033456165,0,0,0,0.459810014,0,0,[0.99183295 0.00816705]
932,0,2,0,1,61,36,1,0,31315,2776,327.0934668,799.7281494,2.44495299,2,2776.0,1.0,87,0,23800,8631.8,151.8,328.0,8138.0,9920.8,445.8,840.0,0.0,0.870070962,0.34051144,0.39047619,0.0,0.017586135,0,1,0,0.7811803820000001,0,0,[0.97591678 0.02408322]
991,0,2,0,1,40,44,1,0,15988,4274,116.34954450000001,349.0486336,3.0,2,3802.666667,1.1239481070000001,472,0,23800,473.3,33.3,40.0,400.0,551.3,85.3,66.0,0.0,0.8585162340000001,0.39038687,0.606060606,0.0,0.070357067,0,0,0,0.34087944,0,0,[0.97853566 0.02146434]
510,0,2,0,1,44,38,0,0,12747,4163,0.029421171,0.08826351199999999,3.0,0,4194.666667,0.9924507309999999,572,0,23800,39.0,2.0,32.0,0.0,41.0,4.0,0.0,0.0,0.951219512,0.5,0.0,0.0,0.051282050999999995,1,0,0,8.67844e-05,0,0,[9.99563863e-01 4.36137059e-04]
931,0,0,0,1,79,43,0,0,7811,2515,0.0,0.0,0.0,1,1901.6666670000002,1.322524102,268,0,23800,301.3,115.3,186.0,0.0,346.2,135.2,0.0,0.0,0.8703061809999999,0.852810651,0.0,0.0,0.382675075,1,0,0,0.0,0,0,[0.99648216 0.00351784]
630,0,2,0,1,41,42,1,0,10860,4243,16.89322694,50.67968082,3.0,2,4189.666667,1.012729732,113,0,23800,418.4,20.4,0.0,17.4,450.4,47.4,0.0,0.0,0.928952043,0.43037974700000003,0.0,0.0,0.04875717,0,0,0,0.049500465,0,0,[0.99887788 0.00112212]
792,0,0,0,1,44,30,0,0,1834,1900,0.0,0.0,0.0,2,1900.0,1.0,204,0,23800,128.0,0.0,128.0,0.0,143.0,1.0,142.0,0.0,0.895104895,0.0,0.9014084509999999,0.0,0.0,1,0,0,0.0,0,0,[9.99956757e-01 4.32430525e-05]
698,0,0,0,1,23,34,0,0,813,1696,14.65944513,43.97833538,3.0,2,1658.666667,1.022508039,94,0,23800,286.0,0.0,0.0,286.0,313.0,23.0,0.0,0.0,0.9137380190000001,0.0,0.0,0.0,0.0,0,0,1,2.199121094,0,0,[9.99330437e-01 6.69563301e-04]
735,0,2,0,1,44,33,1,0,16591,4163,47.33254973,90.19549179,1.9055701059999999,2,4163.0,1.0,187,0,5,1845.9,8.1,8.8,1842.9,2037.5,12.1,79.4,2030.5,0.90596319,0.669421488,0.110831234,0.9076089629999999,0.004388103,0,0,0,0.088155746,0,0,[0.94630266 0.05369734]
482,0,2,0,1,31,24,1,0,18963,11391,31.1178875,87.44926453,2.810257108,2,7954.333333,1.4320496169999999,258,0,388,3347.0,127.8,105.2,2294.3,3500.6,166.4,161.2,2349.3,0.956121808,0.768028846,0.652605459,0.976588771,0.038183447999999995,0,0,0,0.10944702099999999,0,0,[0.99143029 0.00856971]
522,0,0,0,1,37,0,2,0,8024,7350,1.908492406,0.619827271,0.32477324399999996,2,6086.666667,1.2075575029999999,147,0,23800,16311.6,16206.0,83.6,226.6,17181.8,16378.0,245.8,1095.8,0.949353386,0.9894981070000001,0.34011391399999996,0.20678956,0.99352608,1,0,0,0.0031103520000000003,0,0,[0.9987707 0.0012293]
464,0,2,0,1,39,34,0,0,26703,6430,40.17617925,114.20832630000001,2.8426875939999996,2,6410.0,1.003120125,123,0,-14,148.0,20.0,7.0,40.0,154.0,22.0,0.0,0.0,0.961038961,0.9090909090000001,0.0,0.0,0.135135135,0,0,0,0.055782318,0,0,[0.70863038 0.29136962]
893,0,2,0,1,41,35,1,0,69440,5833,9.052794139,0.0,0.0,0,5166.333333,1.1290405829999999,122,0,8,12457.2,12382.2,75.0,0.0,14197.6,12563.6,271.0,0.0,0.8774159009999999,0.9855614629999999,0.276752768,0.0,0.993979385,1,0,0,0.0,0,0,[0.92996192 0.07003808]
849,0,0,0,1,45,42,1,0,5312,1900,0.078209877,0.234629631,3.0,0,1903.3333329999998,0.998248687,121,0,23800,108.8,2.8,7.0,0.0,123.0,0.0,15.0,0.0,0.884552846,0.0,0.46666666700000003,0.0,0.025735294,1,0,0,0.012255859,0,0,[9.99720932e-01 2.79067540e-04]
53,0,2,0,1,40,29,1,0,26564,14261,1198.353425,3357.28379,2.801580669,2,7070.333333,2.017019471,113,0,23800,30862.2,80.2,64.0,30559.0,31802.2,85.2,0.0,0.0,0.970442296,0.9413145540000001,0.0,0.0,0.002598648,0,1,1,1.639874935,0,1,[0.98572122 0.01427878]
258,0,2,0,1,39,28,1,0,4874,9195,16.09815248,48.29445744,3.0,2,9191.333333,1.000398927,292,0,388,722.0,2.0,0.0,0.0,725.0,5.0,0.0,0.0,0.9958620690000001,0.4,0.0,0.0,0.002770083,0,0,0,0.040249022999999995,0,0,[0.99783532 0.00216468]
659,0,0,0,1,40,48,0,0,2968,1985,22.49121602,29.57449913,1.3149355329999999,2,1928.3333329999998,1.029386344,177,0,23800,3816.0,17.0,34.0,3765.0,4136.3,61.3,82.0,0.0,0.922563644,0.277324633,0.41463414600000004,0.0,0.004454927,0,0,1,1.48046875,0,0,[9.99850494e-01 1.49506103e-04]
578,0,0,0,1,57,33,0,0,13000,2460,0.0,0.0,0.0,0,3018.0,0.815109344,1426,0,23800,481.2,78.2,403.0,0.0,512.4,94.5,417.9,0.0,0.93911007,0.8275132279999999,0.964345537,0.0,0.162510391,1,0,0,0.0,0,0,[9.99721106e-01 2.78894209e-04]
375,0,0,0,1,81,60,0,0,6906,1975,4.438083649,13.31425095,3.0,1,1975.0,1.0,1059,0,23800,168.7,0.0,1.7,168.7,172.4,0.8,4.6,172.4,0.978538283,0.0,0.36956521700000006,0.978538283,0.0,0,0,0,0.665869141,0,0,[9.99812274e-01 1.87725816e-04]
224,0,2,0,1,58,37,0,0,136091,28107,522.9508193,1568.852458,3.0,2,12240.33333,2.296260995,107,0,-21,10931.8,13.9,0.9,10875.9,10939.8,14.9,0.0,0.0,0.999268725,0.932885906,0.0,0.0,0.00127152,0,1,1,3.92293457,0,0,[0.96709574 0.03290426]
284,0,0,0,1,37,59,1,0,6582,6995,19.05655003,56.37891483,2.958505855,1,6931.666667,1.009136812,1195,0,23800,908.0,15.0,23.0,0.0,914.0,18.0,0.0,0.0,0.993435449,0.833333333,0.0,0.0,0.016519824,0,0,1,2.0,0,0,[9.99846918e-01 1.53081993e-04]
691,0,2,0,1,44,28,1,0,10730,4163,642.4665791,1855.4257,2.887972325,0,4163.0,1.0,159,0,5,12844.8,73.5,125.3,4561.3,14040.6,236.2,237.4,5756.1,0.9148326990000001,0.31117696899999997,0.527801179,0.792428902,0.00572216,0,1,1,1.8121500019999999,0,0,[0.98269164 0.01730836]
341,0,0,0,1,58,0,2,0,7415,2900,0.00691541,0.020746231,3.0,0,2233.333333,1.298507463,121,0,23800,12510.0,12432.0,73.0,0.0,12696.2,12550.2,141.0,0.0,0.9853341940000001,0.990581823,0.517730496,0.0,0.993764988,1,0,0,0.001123047,0,0,[0.99889904 0.00110096]
703,0,2,0,1,14,33,0,0,13816,4010,18.13360023,52.79358959,2.9113683389999996,2,3372.666667,1.188970152,121,0,23800,1136.7,61.7,132.0,943.0,1245.7,72.7,0.0,0.0,0.912498997,0.84869326,0.0,0.0,0.054279932999999995,0,0,0,0.132070313,0,0,[0.98619137 0.01380863]
70,0,2,0,1,48,47,1,0,13107,3508,270.2424272,645.6051073,2.388985009,2,3508.0,1.0,133,0,23800,8951.3,38.0,45.3,8681.3,9344.9,56.0,72.9,9056.9,0.9578807690000001,0.6785714290000001,0.621399177,0.9585288559999999,0.0042451929999999995,0,1,1,1.0764713540000002,0,1,[0.99567744 0.00432256]
13,0,2,0,1,34,27,0,0,18261,4708,38.95659892,116.86979679999999,3.0,1,4701.333333,1.001418037,904,0,23800,349.0,12.0,1.0,0.0,350.0,13.0,0.0,0.0,0.997142857,0.923076923,0.0,0.0,0.034383954,0,0,0,0.097414551,1,1,[0.00793589 0.99206411]
387,0,2,0,1,45,28,0,0,76550,4201,47.93726953,143.81180859999998,3.0,1,4201.0,1.0,112,0,23800,26043.3,222.4,188.9,723.4,26668.5,501.6,534.9,0.0,0.976556612,0.44338118,0.353150122,0.0,0.008539624,0,0,0,0.070376396,0,0,[0.9972644 0.0027356]
104,4,2,0,1,93,42,1,0,9250,4995,0.0,0.0,0.0,1,5446.666667,0.917074663,1723,0,23800,72.8,71.8,1.0,0.0,79.8,78.8,0.0,0.0,0.912280702,0.911167513,0.0,0.0,0.986263736,1,0,0,0.0,0,1,[0.96987229 0.03012771]
129,0,2,0,1,44,26,1,0,14494,4163,64.98295434,194.948863,3.0,2,4163.0,1.0,93,0,23800,2964.6,101.6,37.0,2826.0,3343.6,309.6,208.0,0.0,0.8866491209999999,0.328165375,0.177884615,0.0,0.034271065,0,0,0,0.19044589999999997,0,1,[0.99811336 0.00188664]
403,0,2,0,1,44,28,0,0,14712,8396,30.02141476,90.06424427,3.0,1,8349.333333,1.0055892690000001,92,0,5,7905.4,85.4,29.0,31.0,8126.7,284.9,50.8,246.3,0.972768775,0.2997543,0.5708661420000001,0.125862769,0.010802741999999999,0,0,0,0.08797073400000001,0,0,[0.98306451 0.01693549]
650,0,2,0,1,55,50,0,0,18232,10403,306.7124891,920.0941505000001,2.9998587710000004,2,6643.0,1.5660093330000002,792,0,18,17097.5,203.5,307.0,16587.0,18494.3,952.3,953.0,16589.0,0.924474027,0.213693164,0.32214060899999997,0.999879438,0.011902325,0,1,0,0.898957253,0,0,[0.99871296 0.00128704]
283,0,2,0,1,40,43,0,0,27478,3597,0.25047334,0.642162323,2.5637951009999997,2,3650.333333,0.985389462,114,0,23800,1060.0,0.0,4.0,0.0,1067.0,1.0,0.0,0.0,0.99343955,0.0,0.0,0.0,0.0,1,0,0,0.00033474,1,0,[0.45642034 0.54357966]
469,0,0,0,1,53,52,0,0,797,1900,4.160310109,12.48093033,3.0,0,1900.0,1.0,89,0,23800,2444.0,17.0,6.0,2421.0,2546.2,66.2,59.0,0.0,0.959861755,0.256797583,0.101694915,0.0,0.00695581,0,0,0,0.623242188,0,0,[9.99044537e-01 9.55462742e-04]
303,0,0,0,1,27,42,1,0,-857,3541,111.7966623,335.389987,3.0,2,1180.333333,3.0,111,0,23800,231.0,1.0,0.0,230.0,233.0,3.0,0.0,0.0,0.9914163090000001,0.333333333,0.0,0.0,0.004329004,0,0,1,2.794970703,0,0,[9.99351413e-01 6.48587367e-04]
957,0,0,0,1,53,28,1,0,1455,1900,7.2679828010000005,21.8039484,3.0,0,1837.0,1.034295046,1187,0,23800,555.9,16.9,21.0,0.0,641.6,65.6,58.0,0.0,0.8664276809999999,0.257621951,0.362068966,0.0,0.030401151,0,0,1,1.0909179690000002,0,0,[9.99555678e-01 4.44321872e-04]
662,0,0,0,1,34,53,1,0,6546,6520,69.33552933,208.006588,3.0,1,5933.333333,1.098876404,479,0,23800,2406.7,63.3,62.4,104.5,2612.0,195.3,135.7,305.0,0.921401225,0.324116743,0.459837878,0.342622951,0.026301575,0,0,1,1.0400830079999999,0,0,[0.99811274 0.00188726]
952,0,2,0,1,55,58,1,0,22378,7917,62.30473105,186.91419319999997,3.0,2,7917.0,1.0,331,0,-6,3915.7,312.0,316.7,3609.0,4514.1,612.4,614.7,0.0,0.867437584,0.509470934,0.515210672,0.0,0.07967924,0,0,0,0.18261432600000002,1,0,[0.47609543 0.52390457]
93,0,2,0,1,42,34,0,0,13601,3340,84.39842669,253.18580719999997,2.99988776,0,3536.666667,0.944392083,433,0,23800,9448.3,138.3,88.0,0.0,10178.5,608.5,347.0,0.0,0.9282605490000001,0.227280197,0.253602305,0.0,0.014637553999999999,0,0,0,0.123647213,0,1,[0.98911646 0.01088354]
601,0,2,0,1,57,44,0,0,26083,9587,586.9521467999999,1696.531374,2.8904083289999996,2,9603.666667,0.9982645520000001,115,0,23800,7123.4,81.0,97.4,6894.4,7629.4,188.0,0.0,0.0,0.933677616,0.430851064,0.0,0.0,0.011370975,0,1,1,1.6569633480000001,0,0,[0.99786847 0.00213153]
167,0,0,0,1,39,28,1,0,5629,2528,127.5668748,201.0755043,1.57623603,1,2374.333333,1.064719921,667,0,23800,7758.5,56.3,77.2,1323.8,9196.9,79.0,140.9,2704.2,0.843599474,0.712658228,0.547906317,0.489534798,0.007256556999999999,0,0,1,1.6764892580000001,1,1,[0.07200226 0.92799774]
581,0,0,0,1,49,25,1,0,3910,3930,1.5303754809999999,4.591126442,3.0,1,3910.0,1.00511509,104,0,23800,4879.0,50.0,32.0,0.0,5198.0,264.0,137.0,0.0,0.938630242,0.18939393899999998,0.233576642,0.0,0.010248001999999999,1,0,0,0.233984375,0,0,[9.99349426e-01 6.50574131e-04]
622,0,0,0,1,38,58,0,0,3139,1900,0.0,0.0,0.0,0,1900.0,1.0,156,0,23800,171.6,1.6,170.0,0.0,184.4,11.4,0.0,0.0,0.930585683,0.14035087699999999,0.0,0.0,0.009324009,1,0,0,0.0,0,0,[9.99886392e-01 1.13608388e-04]
711,0,0,0,1,77,50,1,0,4192,1900,0.023727417,0.071182251,3.0,1,1900.0,1.0,638,0,23800,41.0,0.0,3.0,0.0,45.0,1.0,0.0,0.0,0.911111111,0.0,0.0,0.0,0.0,1,0,0,0.003662109,0,0,[9.99303193e-01 6.96807133e-04]
549,3,0,0,1,91,32,0,0,15935,7302,16.88677279,50.10404587,2.967058685,2,5882.333333,1.2413441379999999,118,0,23800,18365.0,431.0,183.0,17665.0,19458.2,1008.0,664.2,0.0,0.94381803,0.427579365,0.275519422,0.0,0.023468554,0,0,1,2.0,0,0,[0.99003593 0.00996407]
832,0,0,0,1,104,48,1,0,11384,16120,35.57228629,106.71685890000002,3.0,2,16200.0,0.9950617279999999,203,0,23800,2190.2,89.8,38.4,2108.4,2468.7,297.5,102.2,2223.5,0.887187589,0.301848739,0.375733855,0.948234765,0.041000822,0,0,0,0.043247996,0,0,[0.98600802 0.01399198]
714,0,0,0,1,43,55,1,0,3629,1140,0.0,0.0,0.0,1,1140.0,1.0,1191,0,23800,101.7,22.7,79.0,0.0,111.7,22.7,89.0,0.0,0.910474485,1.0,0.887640449,0.0,0.22320550600000003,1,0,0,0.0,0,0,[0.99869767 0.00130233]
816,0,0,0,1,51,54,0,0,18060,1900,0.0,0.0,0.0,0,1900.0,1.0,108,0,23800,138.0,15.0,123.0,0.0,155.0,25.0,130.0,0.0,0.890322581,0.6,0.946153846,0.0,0.10869565199999999,1,0,0,0.0,0,0,[9.99915948e-01 8.40518874e-05]
406,0,0,0,1,68,46,1,0,7418,3384,54.33900229,99.31665897,1.82772327,2,2520.666667,1.342501984,97,0,23800,22700.9,67.9,61.0,0.0,23359.9,144.9,184.0,0.0,0.971789263,0.46859903399999997,0.331521739,0.0,0.0029910709999999997,0,0,0,0.41003166799999996,0,0,[0.79088948 0.20911052]
249,0,2,0,1,61,29,1,0,31333,20199,16.72112179,50.00810337,2.990714619,2,9532.333333,2.118998496,508,0,23800,32238.0,28746.0,128.0,3363.0,32337.3,28834.3,136.0,0.0,0.996929243,0.996937675,0.9411764709999999,0.0,0.891680625,0,0,0,0.024461746,0,0,[0.99219615 0.00780385]
3,1,0,0,1,25,39,1,0,5972,2930,3.563254992,10.68976498,3.0,2,2913.333333,1.005720824,830,0,23800,3502.0,1.0,0.0,3452.0,3505.0,3.0,0.0,0.0,0.99914408,0.333333333,0.0,0.0,0.000285551,0,0,0,0.5379882810000001,0,1,[9.99793822e-01 2.06177878e-04]
863,0,0,0,1,57,57,1,0,6481,3941,30.49290848,91.47872543,3.0,2,3615.333333,1.090079292,93,0,23800,8775.9,147.9,282.0,8221.0,9950.3,487.3,1117.0,0.0,0.881973408,0.303509132,0.252461952,0.0,0.016852972,0,0,1,4.567871094,0,0,[0.98479603 0.01520397]
75,0,2,0,1,50,44,1,0,17727,4350,366.87820560000006,977.3229761,2.663889436,2,4225.333333,1.029504576,109,0,1,4714.4,60.7,23.7,4633.9,4934.4,94.7,0.0,0.0,0.955415045,0.640971489,0.0,0.0,0.012875445,0,1,0,0.6413676739999999,1,1,[0.36151534 0.63848466]
473,0,0,0,1,56,60,1,0,-36,4924,114.5143363,222.00610260000002,1.938675189,2,3322.666667,1.481942215,161,0,23800,21155.0,19.0,32.0,0.0,22070.6,81.6,130.0,0.0,0.9585149470000001,0.232843137,0.246153846,0.0,0.0008981330000000001,0,0,1,11.11313477,0,0,[0.99736494 0.00263506]
46,0,0,0,1,48,55,1,0,1641,1330,2.587316195,7.761948586,3.0,1,1330.0,1.0,1175,0,23800,2823.0,11.0,27.0,0.0,2897.4,40.4,72.0,0.0,0.974321806,0.272277228,0.375,0.0,0.0038965640000000004,1,0,0,0.391503906,0,1,[9.99939155e-01 6.08445487e-05]
524,0,2,0,1,44,64,1,0,4589,2800,38.23513699,114.70541100000001,3.0,2,2853.333333,0.981308411,296,0,23800,5409.5,79.5,174.0,0.0,5700.4,300.4,244.0,0.0,0.948968493,0.264647137,0.713114754,0.0,0.014696368000000001,0,0,0,0.056032658,0,0,[0.98591972 0.01408028]
200,0,0,0,1,41,29,1,0,34281,4105,17.75477187,53.26431561,3.0,1,3968.333333,1.0344393109999999,727,0,23800,7946.9,142.9,12.0,0.0,7947.9,143.9,0.0,0.0,0.9998741809999999,0.99305073,0.0,0.0,0.017981855,0,0,1,2.0,0,0,[0.9680775 0.0319225]
779,0,2,0,1,31,22,0,0,18949,5964,156.426494,404.9679823,2.5888707980000003,2,5955.333333,1.001455278,312,0,388,9227.3,26.8,109.5,19.2,10284.5,85.0,202.5,571.4,0.897204531,0.315294118,0.540740741,0.03360168,0.002904425,0,0,0,0.289506138,0,0,[0.98246854 0.01753146]
26,0,2,0,1,39,42,1,0,15087,4378,20.18944009,60.56832027,3.0,2,4639.0,0.943737875,95,0,23800,213.0,5.0,0.0,208.0,215.0,7.0,0.0,0.0,0.9906976740000001,0.7142857140000001,0.0,0.0,0.023474178,0,0,0,0.029577732000000002,0,1,[0.99499944 0.00500056]
54,0,2,0,1,40,29,1,0,26564,14261,1198.353425,3357.28379,2.801580669,2,7070.333333,2.017019471,113,0,23800,30862.2,80.2,64.0,30559.0,31802.2,85.2,0.0,0.0,0.970442296,0.9413145540000001,0.0,0.0,0.002598648,0,1,1,1.639874935,0,1,[0.98572122 0.01427878]
906,0,0,0,1,27,28,0,0,2090,1140,0.0,0.0,0.0,0,1140.0,1.0,100,0,23800,14.0,2.0,12.0,0.0,16.0,4.0,0.0,0.0,0.875,0.5,0.0,0.0,0.14285714300000002,1,0,0,0.0,0,0,[9.99691892e-01 3.08108005e-04]
515,0,0,0,1,26,47,0,0,4999,9074,601.3630937,1802.902602,2.998026685,2,4451.333333,2.03849034,114,0,23800,11027.4,41.4,124.0,10862.0,11608.4,147.4,287.0,0.0,0.9499500359999999,0.280868385,0.432055749,0.0,0.003754285,0,1,1,34.66816406,0,0,[0.996759 0.003241]
463,1,0,0,1,24,44,1,0,4753,4820,1943.797037,5794.4333240000005,2.980986807,2,2733.333333,1.763414634,118,0,23800,16998.0,82.0,270.0,16618.0,17684.0,121.0,774.0,0.0,0.961207872,0.67768595,0.348837209,0.0,0.004824097,0,0,1,5.4453125,0,0,[0.99790042 0.00209958]
766,0,2,0,1,37,35,1,0,14691,4800,0.9309469859999999,2.618564606,2.8127966960000004,2,4800.0,1.0,878,0,23800,827.0,1.0,1.0,0.0,919.0,1.0,0.0,0.0,0.899891186,1.0,0.0,0.0,0.00120919,1,0,0,0.002184245,0,0,[0.99192835 0.00807165]
751,0,0,0,1,49,0,2,0,3665,3445,0.0,0.0,0.0,0,2415.0,1.426501035,1505,0,23800,417.9,181.9,236.0,0.0,462.9,185.9,277.0,0.0,0.902786779,0.978483055,0.85198556,0.0,0.43527159600000004,1,0,0,0.0,0,0,[9.99873023e-01 1.26976957e-04]
785,0,0,0,1,44,0,2,0,0,2400,0.0,0.0,0.0,0,2400.0,1.0,100,0,23800,301.0,101.0,200.0,0.0,336.0,125.0,0.0,0.0,0.895833333,0.8079999999999999,0.0,0.0,0.33554817299999995,1,0,0,0.0,0,0,[9.99864989e-01 1.35010724e-04]
146,0,2,0,1,44,46,0,0,33839,9285,1078.702985,2959.720142,2.743776724,2,4507.666667,2.059824004,468,0,4,13878.2,11.5,17.7,13383.7,16084.2,41.5,64.7,15181.7,0.862846769,0.27710843399999996,0.273570325,0.88156794,0.000828638,0,1,1,2.730696675,0,1,[0.98620426 0.01379574]
389,3,2,0,1,45,25,1,0,25057,9704,598.4634177,1782.538082,2.978524718,2,7348.666667,1.320511657,88,0,13,22418.9,247.5,117.4,21908.1,22975.9,261.5,0.0,0.0,0.9757572059999999,0.946462715,0.0,0.0,0.011039792,0,1,1,2.971870117,0,0,[0.96255777 0.03744223]
357,0,0,0,1,27,64,0,0,920,2375,50.87189039,152.61567119999998,3.0,1,1551.666667,1.530612245,107,0,23800,9391.5,33.5,36.0,0.0,9560.1,123.1,115.0,0.0,0.982364201,0.27213647399999996,0.313043478,0.0,0.003567055,0,0,1,7.641796875,0,0,[9.99807971e-01 1.92029365e-04]
286,0,0,0,1,62,37,1,0,15728,2900,1.2838980359999999,0.0,0.0,2,2990.666667,0.96968346,144,0,23800,14937.8,14908.8,29.0,0.0,15038.8,14971.2,0.0,0.0,0.9932840390000001,0.995831997,0.0,0.0,0.9980586159999999,1,0,0,0.0,0,0,[0.99883431 0.00116569]
647,0,0,0,1,38,34,0,0,1789,1209,12.05657768,36.16973305,3.0,2,1186.333333,1.0191064909999998,111,0,23800,191.9,52.5,34.4,19.4,207.3,55.6,46.7,20.8,0.9257115290000001,0.9442446040000001,0.7366167020000001,0.932692308,0.27357999,0,0,1,1.8100097659999999,0,0,[9.99934451e-01 6.55487999e-05]
967,0,0,0,1,32,51,0,0,16785,16546,396.7608709,1019.4720179999999,2.5694872980000003,2,10158.33333,1.6288105,117,0,23800,13061.1,337.1,323.0,9943.0,15119.3,734.3,684.0,11243.0,0.8638693590000001,0.459076672,0.472222222,0.884372498,0.025809465,0,0,0,1.0,0,0,[9.99206220e-01 7.93779758e-04]
322,0,0,0,1,31,21,1,0,627,13983,1334.8523710000002,3992.601559,2.991043538,2,6661.666667,2.099024268,116,0,23800,22953.3,323.3,308.0,22320.0,23211.2,344.2,0.0,0.0,0.988888985,0.939279489,0.0,0.0,0.014085121,0,1,1,1.341484851,0,0,[0.99887635 0.00112365]
687,0,0,0,1,27,46,0,0,1395,3342,9.836908657999999,29.51072598,3.0,2,3651.333333,0.9152820890000001,349,0,23800,2409.7,50.9,11.8,2408.7,2630.8,180.5,103.3,2560.8,0.915957123,0.28199446,0.114230397,0.9406044990000001,0.021122961000000003,0,0,1,1.495117188,0,0,[9.99736795e-01 2.63204972e-04]
535,0,2,0,1,32,33,1,0,19552,4697,304.47231580000005,913.4169473999999,3.0,2,4952.333333,0.948441812,116,0,388,2756.4,98.4,69.0,2500.0,2911.6,209.6,113.0,0.0,0.946695975,0.469465649,0.610619469,0.0,0.035698737,0,1,0,0.761250814,0,0,[0.99768813 0.00231187]
154,0,2,0,1,48,40,1,0,14553,5071,235.00299680000003,644.6415253,2.7431204460000003,2,3987.666667,1.271670986,103,0,23800,10886.0,413.0,177.0,6473.0,12750.2,717.2,501.0,7709.0,0.8537905290000001,0.57585053,0.35329341299999995,0.839667921,0.037938637000000004,0,1,0,0.758651195,1,1,[0.24241129 0.75758871]
270,0,2,0,1,40,33,0,0,24754,3220,18.9263525,56.77905749999999,3.0,2,2924.0,1.10123119,97,0,9,371.0,1.0,0.0,370.0,373.0,3.0,0.0,0.0,0.99463807,0.333333333,0.0,0.0,0.0026954179999999998,0,0,0,0.055458069000000006,0,0,[0.98381543 0.01618457]
415,0,0,0,1,63,49,0,0,1879,4163,0.03301239,0.09903717,3.0,1,4163.0,1.0,479,0,-38,67.4,64.4,0.0,0.0,69.4,66.4,0.0,0.0,0.9711815559999999,0.9698795179999999,0.0,0.0,0.9554896140000001,1,0,0,9.82285e-05,0,0,[0.9587621 0.0412379]
201,0,2,0,1,74,48,1,0,1113,4699,683.8916686000001,2051.675006,3.0,2,4474.333333,1.050212322,87,0,23800,15189.0,1.0,0.0,12760.0,15191.0,3.0,0.0,0.0,0.9998683429999999,0.333333333,0.0,0.0,6.583710000000001e-05,0,1,1,1.001958847,0,0,[0.97536738 0.02463262]
814,0,2,0,1,40,40,1,0,15175,4163,192.7560762,556.0827971,2.884904113,2,5209.666667,0.799091433,375,0,8,10904.6,356.6,120.0,10313.0,12241.7,870.2,386.5,0.0,0.890774974,0.40979085299999995,0.310478655,0.0,0.032701796,0,1,0,0.543270111,0,0,[0.99785117 0.00214883]
30,0,2,0,1,24,46,1,0,11806,2891,154.6777175,464.03315260000005,3.0,2,2891.0,1.0,284,0,23800,10859.6,67.6,14.0,0.0,10999.8,170.8,51.0,0.0,0.9872543140000001,0.395784543,0.27450980399999997,0.0,0.006224906999999999,0,0,0,0.773574219,1,1,[0.00940866 0.99059134]
477,0,0,0,1,46,32,0,0,1179,2400,2.055977821,6.00538826,2.920940196,1,2465.0,0.973630832,1464,0,23800,7538.3,12.3,13.0,0.0,7870.6,136.6,67.0,0.0,0.957779585,0.090043924,0.194029851,0.0,0.001631668,1,0,0,0.301464844,0,0,[9.99919274e-01 8.07260132e-05]
670,0,2,0,1,36,39,1,0,11507,3566,5.580851872999999,16.56601524,2.9683667689999997,2,3569.333333,0.9990661190000001,104,0,23800,103.0,33.0,47.0,23.0,112.0,33.0,0.0,0.0,0.919642857,1.0,0.0,0.0,0.32038835,0,0,0,0.020710449,0,0,[0.9963142 0.0036858]
460,0,0,0,1,36,36,0,0,2182,1140,0.25968805899999997,0.7790641779999999,3.0,1,1140.0,1.0,1121,0,23800,5664.0,34.0,11.0,0.0,5890.0,173.0,98.0,0.0,0.9616298809999999,0.19653179199999998,0.11224489800000001,0.0,0.006002825,1,0,0,0.041552734,0,0,[0.99892935 0.00107065]
99,0,2,0,1,36,42,1,0,15084,6836,641.9567267000001,1649.618215,2.569671983,2,7099.333333,0.962907315,451,0,388,3890.4,75.4,42.0,3773.0,4228.8,85.8,0.0,0.0,0.919977299,0.8787878790000001,0.0,0.0,0.019381041,0,1,1,1.8330132380000002,1,1,[0.01214145 0.98785855]
892,0,0,0,1,54,20,1,0,-476,1769,48.65579955,15.93575287,0.327520111,2,2294.666667,0.770918071,91,0,23800,2421.0,27.0,29.0,2365.0,2759.0,151.0,92.0,0.0,0.877491845,0.178807947,0.315217391,0.0,0.011152416,0,0,0,0.7978515629999999,0,0,[9.99783054e-01 2.16946178e-04]
519,0,2,0,1,55,31,0,0,12815,4199,283.11116380000004,836.2470665,2.953776373,1,4228.0,0.993140965,1440,0,23800,17095.9,241.5,204.4,56.1,18001.6,619.2,496.4,724.8,0.9496878059999999,0.39001938,0.41176470600000004,0.077400662,0.014126194,0,1,0,0.40837431,0,0,[0.99629895 0.00370105]
772,0,0,0,1,36,51,0,0,9318,6255,28.28006395,83.29930878,2.9455134519999997,2,5093.333333,1.2280759159999999,511,0,23800,5331.5,251.5,243.0,4793.0,5933.8,626.8,458.0,0.0,0.898496747,0.401244416,0.530567686,0.0,0.047172465999999996,0,0,1,2.0,0,0,[9.99347610e-01 6.52390473e-04]
767,2,0,0,1,46,50,0,0,628,12186,38.11982727,108.07159229999999,2.835049371,2,7312.0,1.666575492,320,0,23800,7167.8,118.5,113.3,7023.9,7967.7,410.6,438.1,7268.8,0.8996071640000001,0.288602046,0.258616754,0.9663080559999999,0.016532269,0,0,1,5.404833984,0,0,[0.98432134 0.01567866]
369,0,0,0,1,57,43,1,0,4067,2400,1.933390935,5.800172806,3.0,1,2400.0,1.0,213,0,23800,1703.0,7.0,4.0,0.0,1737.9,41.9,0.0,0.0,0.979918292,0.167064439,0.0,0.0,0.0041103929999999995,1,0,0,0.052956320999999994,0,0,[9.99522660e-01 4.77339583e-04]
652,0,2,0,1,33,48,0,0,8805,9713,74.72460747,224.1738224,3.0,2,9159.333333,1.060448359,108,0,388,2572.3,358.3,51.0,2163.0,2783.5,547.5,73.0,0.0,0.924124304,0.654429224,0.698630137,0.0,0.139291684,0,0,0,0.364153646,0,0,[9.99102271e-01 8.97729223e-04]
789,0,0,0,1,44,30,0,0,6791,5573,211.06513399999997,53.13204193,0.251732917,2,7048.333333,0.790683377,489,0,23800,20876.2,119.2,292.0,2619.0,23310.3,399.3,858.0,3843.0,0.8955783490000001,0.29852241399999996,0.34032634,0.681498829,0.005709851,0,0,0,1.0,0,0,[0.99828471 0.00171529]
619,0,2,0,1,40,52,1,0,8126,4163,27.95922979,82.44643211,2.948809132,2,4163.0,1.0,147,0,9,1891.8,65.8,79.0,1747.0,2032.2,138.2,139.0,0.0,0.930912312,0.47612156299999997,0.568345324,0.0,0.034781689,0,0,0,0.08055591599999999,0,0,[0.99896221 0.00103779]
215,0,2,0,1,16,21,1,0,13075,4163,174.8071054,524.4213161,3.0,2,4913.666667,0.8472288179999999,198,0,23800,3604.0,37.0,6.0,3412.0,3606.0,39.0,0.0,0.0,0.999445369,0.9487179490000001,0.0,0.0,0.010266371,0,1,0,0.512221336,0,0,[0.99252553 0.00747447]
718,0,0,0,1,32,57,0,0,2127,3207,83.67735863,250.22917080000002,2.9904047510000002,0,2820.333333,1.1370996340000001,953,0,23800,6879.6,80.6,68.0,6719.0,7562.1,329.8,179.3,7138.0,0.909747292,0.24439054,0.379252649,0.9413000840000001,0.011715797,0,0,1,12.51391602,0,0,[9.99844745e-01 1.55254634e-04]
829,0,0,0,1,60,46,0,0,4732,4095,3.0727478660000003,9.218243599,3.0,1,5795.0,0.706643658,690,0,23800,13254.6,297.6,401.0,0.0,14934.2,1170.6,1207.6,0.0,0.8875333129999999,0.254228601,0.332063597,0.0,0.022452582000000002,1,0,0,0.473193359,0,0,[9.99003101e-01 9.96898602e-04]
635,1,0,0,1,52,46,1,0,2156,2980,15.58243783,44.40827179,2.849892441,0,3186.666667,0.935146444,450,0,23800,5406.5,62.5,131.0,5189.0,5825.5,258.5,303.0,5237.0,0.928074843,0.24177949699999998,0.43234323399999997,0.990834447,0.011560158999999999,0,0,1,2.223388672,0,0,[9.99434538e-01 5.65462423e-04]
319,1,0,0,1,35,0,2,0,-8257,11984,265.5063302,796.5189905,3.0,1,5051.333333,2.372442919,1140,0,23800,183.0,1.0,2.0,0.0,185.0,3.0,0.0,0.0,0.9891891890000001,0.333333333,0.0,0.0,0.005464481,0,0,0,1.0,0,0,[0.99881981 0.00118019]
282,0,2,0,1,31,44,1,0,83987,17136,1.6667435959999999,5.000230789,3.0,1,16969.33333,1.009821639,232,0,23800,503.0,1.0,0.0,0.0,506.3,3.0,0.0,0.0,0.993482125,0.333333333,0.0,0.0,0.001988072,1,0,0,0.002444267,1,0,[0.18575521 0.81424479]
219,0,2,0,1,40,38,1,0,14348,4163,41.07986482,123.23959450000001,3.0,2,4163.0,1.0,88,0,23800,1472.1,68.0,49.1,1352.1,1473.1,69.0,0.0,0.0,0.9993211590000001,0.985507246,0.0,0.0,0.046192514000000004,0,0,0,0.120402336,0,0,[0.98843128 0.01156872]
170,0,2,0,1,59,65,1,0,11168,4354,0.0,0.0,0.0,1,4428.666667,0.9831401479999999,1013,0,23800,10.7,4.7,6.0,0.0,12.7,4.7,0.0,0.0,0.842519685,1.0,0.0,0.0,0.439252336,1,0,0,0.0,1,1,[0.00123434 0.99876566]
778,0,2,0,1,60,35,1,0,19437,7892,204.1210365,538.6475592,2.638863531,2,6640.333333,1.188494553,292,0,23800,6084.1,18.1,67.0,5996.0,6781.1,59.1,220.0,0.0,0.8972143159999999,0.306260575,0.304545455,0.0,0.0029749679999999997,0,1,0,0.526152611,0,0,[0.96286875 0.03713125]
848,0,0,0,1,39,45,0,0,-278,4108,127.62721280000001,364.9967365,2.859866077,2,2129.333333,1.929242329,100,0,23800,1169.0,9.0,3.0,0.0,1321.2,57.2,80.0,0.0,0.884801695,0.157342657,0.0375,0.0,0.007698888,0,0,1,18.25195313,0,0,[9.99706348e-01 2.93652270e-04]
474,1,0,0,1,46,0,2,0,5916,12395,221.1507619,640.3413668,2.8954969960000003,2,5276.0,2.349317665,190,0,23800,36177.2,17.2,3.0,36176.2,37743.8,131.5,231.3,37436.8,0.958493845,0.130798479,0.012970168999999998,0.96632725,0.000475438,0,1,1,32.03325195,0,0,[0.99041329 0.00958671]
911,0,0,0,1,93,40,1,0,16813,5163,165.77940619999998,395.74467369999996,2.387176325,2,2662.333333,1.9392763240000002,344,0,23800,4194.0,54.0,63.0,4077.0,4798.0,280.0,271.0,4250.0,0.8741142140000001,0.192857143,0.232472325,0.959294118,0.012875536000000002,0,0,0,1.0,0,0,[0.91434397 0.08565603]
367,0,0,0,1,31,40,1,0,694,1140,0.0,0.0,0.0,0,1140.0,1.0,1601,0,23800,98.7,36.7,62.0,0.0,100.7,38.7,0.0,0.0,0.980139027,0.9483204129999999,0.0,0.0,0.37183384,1,0,0,0.0,0,0,[9.99779155e-01 2.20845204e-04]
854,0,0,0,1,24,61,0,0,1342,1640,0.469662666,1.408987999,3.0,1,1640.0,1.0,464,0,23800,346.3,40.3,32.0,0.0,391.8,54.8,63.0,0.0,0.8838693209999999,0.73540146,0.507936508,0.0,0.11637308699999999,1,0,0,0.070605469,0,0,[9.99943809e-01 5.61906935e-05]
484,0,2,0,1,38,44,0,0,22708,13334,117.7590008,352.7595453,2.995605797,2,13175.0,1.012068311,88,0,11,2714.0,30.0,9.0,2623.0,2840.0,39.0,0.0,0.0,0.955633803,0.7692307690000001,0.0,0.0,0.011053795,0,0,0,0.34422493,0,0,[0.99555899 0.00444101]
627,0,0,0,1,37,53,1,0,203,1740,27.18780835,81.23746014,2.9880106210000004,2,1740.0,1.0,91,0,23800,2326.7,79.7,80.0,2167.0,2502.3,170.3,163.0,0.0,0.929824561,0.467997651,0.49079754600000003,0.0,0.034254524,0,0,1,1.015771484,0,0,[9.99865648e-01 1.34351969e-04]
79,0,2,0,1,94,48,1,0,20273,6944,67.12065665,176.9228392,2.635892555,2,6869.333333,1.010869565,326,0,-23,1097.0,95.0,41.0,70.0,1160.2,107.0,0.0,0.0,0.945526633,0.887850467,0.0,0.0,0.08659981800000001,0,0,0,0.442526855,1,1,[0.34898134 0.65101866]
339,0,0,0,1,36,0,2,0,7997,5808,34.52936141,103.26156230000001,2.9905436460000003,2,4536.0,1.28042328,113,0,23800,2572.8,144.8,53.0,0.0,2610.5,173.5,0.0,0.0,0.985558322,0.834582133,0.0,0.0,0.056281095,0,0,1,2.0,0,0,[9.99449551e-01 5.50448807e-04]
933,0,0,0,1,37,0,2,0,4007,4919,2.5033264159999997,4.9833707810000005,1.990699554,1,2837.666667,1.733466463,1180,0,23800,2978.2,169.0,26.2,2916.6,3424.1,471.9,119.2,0.0,0.869776,0.358126722,0.219798658,0.0,0.056745685,1,0,0,0.247167969,0,0,[9.99479936e-01 5.20064048e-04]
218,0,2,0,1,36,35,1,0,16760,5110,40.72359212,122.1707764,3.0,1,4662.0,1.096096096,1159,0,388,3392.0,22.0,0.0,3366.0,3394.0,24.0,0.0,0.0,0.999410725,0.916666667,0.0,0.0,0.006485849,0,0,0,0.101886393,0,0,[0.9891338 0.0108662]
542,0,0,0,1,89,39,0,0,12351,6893,147.8818264,443.64547919999995,3.0,1,3670.0,1.878201635,463,0,23800,10005.0,82.0,98.0,0.0,10588.0,281.0,482.0,0.0,0.944937665,0.291814947,0.20331950199999999,0.0,0.008195902,0,0,0,1.0,0,0,[0.86873649 0.13126351]
606,0,0,0,1,82,52,1,0,19662,7096,173.39649359999999,182.20788000000002,1.050816405,2,6844.0,1.036820573,89,0,23800,38872.7,38203.7,214.0,455.0,41663.9,38580.9,631.0,2480.0,0.933006752,0.9902231420000001,0.339144216,0.183467742,0.9827899790000001,0,0,0,0.023357991,0,0,[0.98983951 0.01016049]
752,0,0,0,1,61,53,0,0,6733,7724,140.82313380000002,422.4685898,2.9999942369999997,2,4511.333333,1.712132407,93,0,23800,3890.6,176.6,101.0,3591.0,4309.6,459.6,236.0,0.0,0.9027752,0.384247171,0.427966102,0.0,0.045391456,0,0,1,2.0,0,0,[0.99878648 0.00121352]
265,0,0,0,1,30,34,0,0,2307,4788,89.03807704,267.1142311,3.0,1,3379.0,1.416987274,112,0,23800,2892.0,6.0,11.0,0.0,2905.9,15.9,15.0,0.0,0.995216628,0.377358491,0.7333333329999999,0.0,0.002074689,0,0,1,13.35869141,0,0,[9.99676793e-01 3.23206945e-04]
781,4,0,0,1,24,60,0,0,2616,9880,235.67077059999997,661.5485878,2.8070879810000005,2,5449.666667,1.812954921,142,0,23800,3068.1,25.0,17.1,3000.1,3420.1,25.0,0.0,0.0,0.897079033,1.0,0.0,0.0,0.008148365,0,1,1,13.14207031,0,0,[0.99628777 0.00371223]
187,0,2,0,1,47,0,2,0,21070,6852,925.0628572999999,2571.062618,2.779338288,2,6835.333333,1.002438311,291,0,2,4744.8,57.8,65.0,4349.0,5745.8,158.8,116.0,4780.0,0.8257857909999999,0.36397984899999997,0.560344828,0.909832636,0.012181757,0,1,1,1.25547123,1,1,[0.00133663 0.99866337]
777,0,0,0,1,27,69,0,0,2342,1140,0.0,0.0,0.0,2,1140.0,1.0,497,0,23800,105.0,38.0,67.0,0.0,117.0,40.0,77.0,0.0,0.897435897,0.95,0.87012987,0.0,0.36190476200000005,1,0,0,0.0,0,0,[9.99934969e-01 6.50314831e-05]
37,0,0,0,1,63,46,1,0,6466,2885,138.6995195,413.6097269,2.982055947,2,1937.6666670000002,1.48890418,508,0,23800,10269.0,152.0,82.0,10035.0,10459.0,180.0,196.0,0.0,0.981833827,0.8444444440000001,0.41836734700000006,0.0,0.014801831000000001,0,1,0,0.9334860290000001,0,1,[0.99775793 0.00224207]
559,0,2,0,1,52,0,2,0,11361,11600,613.0658232000001,1795.5961940000002,2.9288799439999997,2,11600.0,1.0,118,0,21,12241.2,273.2,323.0,11617.0,12996.2,385.5,821.7,0.0,0.941906096,0.708690013,0.39308750200000003,0.0,0.022318072999999997,0,1,1,1.753852844,0,0,[0.99003833 0.00996167]
308,0,0,0,1,74,55,1,0,9352,5281,38.22981199,114.68943600000001,3.0,2,3693.666667,1.429744608,115,0,23800,4048.9,26.9,5.0,3957.0,4086.6,41.6,0.0,0.0,0.990774727,0.646634615,0.0,0.0,0.00664378,0,0,1,2.0,0,0,[9.99518085e-01 4.81915003e-04]
894,0,2,0,1,38,43,0,0,19120,3185,8.926554044,26.77966213,3.0,2,3185.0,1.0,133,0,23800,500.0,47.0,3.0,450.0,570.0,92.0,28.0,0.0,0.8771929820000001,0.510869565,0.107142857,0.0,0.094,0,0,0,0.033491211,0,0,[9.99165768e-01 8.34231613e-04]
435,0,2,0,1,20,45,1,0,19567,9116,829.8352025,2489.071891,2.9994773460000004,2,5222.666667,1.745468471,102,0,23800,1610.1,100.5,82.6,1602.1,1664.1,113.5,104.6,0.0,0.967550027,0.885462555,0.789674952,0.0,0.062418483,0,1,1,2.430785179,0,0,[0.99655347 0.00344653]
729,0,0,0,1,52,55,1,0,2574,2381,13.34077263,39.81868744,2.984736233,2,2715.333333,0.876872084,589,0,23800,7042.2,109.2,241.0,6536.0,7761.4,284.4,523.0,6756.0,0.907336305,0.383966245,0.46080305899999996,0.967436353,0.015506518,0,0,1,1.999755859,0,0,[9.99053754e-01 9.46245896e-04]
294,0,2,0,1,45,59,0,0,37963,13983,971.9006882000001,2915.702065,3.0,2,7969.666667,1.754527584,665,0,23800,17338.0,39.0,34.0,17257.0,17473.0,96.0,112.0,0.0,0.992273794,0.40625,0.303571429,0.0,0.002249394,0,1,1,2.8477306369999997,0,0,[0.99781948 0.00218052]
182,0,0,0,1,50,54,1,0,1350980,1000,708.9335537000001,1942.375039,2.739854855,1,4129.0,0.242189392,513,0,-26,5153.9,44.9,0.0,5115.3,6188.8,52.8,0.0,0.0,0.8327785679999999,0.850378788,0.0,0.0,0.008711849,0,1,1,2.053325195,1,1,[0.00147015 0.99852985]
930,0,0,0,1,39,64,0,0,1,4945,0.023480732999999997,0.066774368,2.843794,0,2661.666667,1.857858485,1125,0,23800,479.0,284.0,192.0,0.0,550.0,340.0,206.0,0.0,0.8709090909999999,0.835294118,0.932038835,0.0,0.592901879,1,0,0,0.0034179690000000003,0,0,[9.99835186e-01 1.64814288e-04]
502,0,0,0,1,44,39,0,0,97258,50900,68.61862659,205.1695757,2.9899982830000003,2,51580.0,0.9868165959999999,91,0,23800,2909.5,93.2,44.3,2897.5,3055.1,104.3,0.0,0.0,0.952341986,0.893576222,0.0,0.0,0.032032995,0,0,0,0.050124884,0,0,[0.99160501 0.00839499]
915,2,0,0,1,43,23,1,0,-1,4480,80.60241667,198.972929,2.468572745,2,3287.0,1.362944935,354,0,23800,3399.0,29.0,79.0,3238.0,3891.0,138.6,262.4,0.0,0.873554356,0.20923520899999998,0.301067073,0.0,0.008531921,0,0,1,9.955664063,0,0,[9.99564696e-01 4.35303698e-04]
131,0,2,0,1,40,50,0,0,24340,16162,1541.3002490000001,3851.8393969999997,2.499084392,2,9403.333333,1.718752216,120,0,11,16637.7,221.7,175.0,16238.0,18781.5,235.9,0.0,0.0,0.885855762,0.9398050020000001,0.0,0.0,0.013325159,0,1,1,1.7991548880000001,0,1,[0.98433547 0.01566453]
399,0,0,0,1,49,50,1,0,-1,5557,111.56325749999999,245.5325089,2.2008366759999998,2,3371.0,1.6484722630000002,118,0,23800,26204.5,7.5,28.0,26169.0,26919.4,38.4,109.0,0.0,0.9734429440000001,0.1953125,0.256880734,0.0,0.00028621,0,0,1,12.28764648,0,0,[0.997924 0.002076]
185,0,0,0,1,63,28,0,0,10124,9800,2.208639145,6.625917435,3.0,1,9800.0,1.0,189,0,23800,1607.9,22.4,7.5,1595.9,1943.5,188.1,177.4,1631.4,0.827321842,0.119085593,0.042277339000000004,0.9782395490000001,0.013931215,1,0,0,0.332666016,1,1,[0.1509058 0.8490942]
432,0,0,0,1,40,69,1,0,8730,8698,157.6968133,473.0904398,3.0,2,5406.0,1.608953015,116,0,23800,17521.0,197.0,80.0,4999.0,18093.0,608.0,241.0,0.0,0.968385563,0.324013158,0.331950207,0.0,0.01124365,0,0,1,2.0,0,0,[0.99878956 0.00121044]
312,0,0,0,1,45,0,2,0,16199,13230,7.365515708999999,22.09654713,3.0,1,13230.0,1.0,1041,0,23800,4516.9,19.0,10.9,29.9,4563.1,62.3,0.0,76.1,0.989875304,0.304975923,0.0,0.392904074,0.004206425,0,0,0,0.021591187,0,0,[0.9981102 0.0018898]
479,0,2,0,1,37,34,1,0,13047,6231,0.309839249,0.9295177459999999,3.0,1,5958.333333,1.045762238,1212,0,388,22.2,0.2,0.0,22.2,23.2,1.2,0.0,0.0,0.956896552,0.166666667,0.0,0.0,0.009009009,1,0,0,0.0011657710000000001,0,0,[0.99876274 0.00123726]
206,0,2,0,1,44,53,1,0,11051,4163,280.5958942,841.7876825,3.0,2,4163.0,1.0,95,0,4,7052.2,122.2,28.0,3379.0,7054.2,124.2,0.0,0.0,0.999716481,0.98389694,0.0,0.0,0.017327926,0,1,0,0.822200775,0,0,[0.99297313 0.00702687]
605,0,2,0,1,35,35,0,0,11362,2330,228.6805652,685.780304,2.998856957,2,3948.666667,0.590072598,195,0,23800,5156.1,89.7,117.4,5003.4,5526.1,214.7,361.4,0.0,0.933045005,0.41779226799999997,0.324847814,0.0,0.01739687,0,1,1,1.14315918,0,0,[0.9908818 0.0091182]
197,0,0,0,1,34,79,0,0,11774,3980,6.054305394,18.03661728,2.9791389930000003,2,2891.666667,1.376368876,509,0,23800,1229.0,219.0,82.0,929.0,1512.0,411.0,171.0,0.0,0.812830688,0.532846715,0.479532164,0.0,0.178193653,0,0,0,0.9027832029999999,1,1,[0.0012224 0.9987776]
281,0,2,0,1,36,48,1,0,29438,17000,240.5617523,720.3775873,2.9945641,2,17000.0,1.0,94,0,23800,5502.0,54.0,43.0,5405.0,5538.0,77.0,0.0,5439.0,0.993499458,0.7012987009999999,0.0,0.993748851,0.009814613,0,1,0,0.48034440100000003,0,0,[0.98812379 0.01187621]
514,0,0,0,1,40,46,0,0,3058,1140,0.0,0.0,0.0,0,1140.0,1.0,307,0,23800,38.0,11.0,27.0,0.0,40.0,13.0,0.0,0.0,0.95,0.846153846,0.0,0.0,0.289473684,1,0,0,0.0,0,0,[9.99851645e-01 1.48355354e-04]
557,0,2,0,1,31,33,0,0,7652,2003,0.489828428,1.4109525680000001,2.8805036389999996,0,3799.666667,0.527151505,91,0,23800,297.3,14.3,9.0,56.0,315.6,23.6,0.0,0.0,0.942015209,0.605932203,0.0,0.0,0.048099563,1,0,0,0.001254069,0,0,[0.99775724 0.00224276]
986,0,0,0,1,27,40,1,0,914,3652,0.0,0.0,0.0,1,2109.0,1.7316263630000002,776,0,23800,84.1,17.9,66.2,83.1,97.9,25.8,0.0,94.9,0.8590398370000001,0.69379845,0.0,0.875658588,0.212841855,1,0,0,0.0,0,0,[9.99816227e-01 1.83772997e-04]
532,0,0,0,1,46,0,2,0,106671,1500,0.7408145270000001,2.163012505,2.919776039,1,1500.0,1.0,209,0,23800,570.0,3.0,0.0,0.0,602.0,8.0,0.0,0.0,0.946843854,0.375,0.0,0.0,0.005263158,1,0,0,0.005415039,0,0,[0.99577087 0.00422913]
653,0,2,0,1,19,31,1,0,40024,17134,1283.208486,3849.6254590000003,3.0,2,9027.666667,1.897943359,647,0,23800,9721.9,139.9,192.0,9372.0,10520.5,359.5,771.0,0.0,0.92409106,0.38915159899999996,0.24902723699999998,0.0,0.014390191,0,1,1,1.558484554,0,0,[0.60947048 0.39052952]
108,2,0,0,1,58,49,1,0,30262,21422,396.7147392,1190.144217,3.0,2,9632.333333,2.223967886,97,0,23800,4296.0,77.0,241.0,3978.0,4740.3,226.3,536.0,0.0,0.906271755,0.34025629700000004,0.449626866,0.0,0.01792365,0,1,1,59.51162109,0,1,[0.98130735 0.01869265]
547,0,2,0,1,38,23,1,0,23343,15883,157.8360831,354.0322475,2.243037464,2,8069.666667,1.9682349540000001,148,0,23800,15209.9,124.5,206.4,14820.9,16104.9,392.9,569.0,15452.5,0.9444268509999999,0.316874523,0.362741652,0.959126355,0.008185458,0,0,0,0.346171379,0,0,[0.80843505 0.19156495]
179,0,0,0,1,43,61,1,0,6385,3430,13.61131541,40.83394623,3.0,2,3430.0,1.0,223,0,23800,929.6,30.6,38.0,861.0,1116.0,94.0,161.0,0.0,0.83297491,0.325531915,0.236024845,0.0,0.032917384,0,0,0,0.204213867,1,1,[0.00300838 0.99699162]
47,0,0,0,1,48,55,1,0,1641,1330,2.587316195,7.761948586,3.0,1,1330.0,1.0,1175,0,23800,2823.0,11.0,27.0,0.0,2897.4,40.4,72.0,0.0,0.974321806,0.272277228,0.375,0.0,0.0038965640000000004,1,0,0,0.391503906,0,1,[9.99939155e-01 6.08445487e-05]
710,0,0,0,1,35,31,1,0,7542,3900,0.0,0.0,0.0,0,3900.0,1.0,113,0,23800,82.2,47.2,35.0,0.0,90.2,48.2,0.0,0.0,0.911308204,0.979253112,0.0,0.0,0.574209246,1,0,0,0.0,0,0,[9.99707781e-01 2.92218809e-04]
302,0,0,0,1,32,35,0,0,1515,1748,34.86117649,104.56559370000001,2.999485509,2,1342.666667,1.3018867920000001,449,0,23800,4764.0,47.0,124.0,2144.0,4805.0,70.0,0.0,0.0,0.991467222,0.671428571,0.0,0.0,0.009865659,0,0,1,5.231201172,0,0,[9.99853367e-01 1.46632879e-04]
211,0,0,0,1,46,52,1,0,5785,7386,131.0059751,393.0179253,3.0,2,3728.666667,1.9808689430000002,811,0,23800,6211.0,3.0,21.0,6180.0,6214.0,0.0,0.0,0.0,0.999517219,0.0,0.0,0.0,0.00048301400000000003,0,0,1,19.65610352,0,0,[9.99813841e-01 1.86158544e-04]
562,0,0,0,1,32,50,0,0,4850,5640,60.30443382,180.0719366,2.9860480430000003,2,2640.0,2.136363636,216,0,23800,542.1,25.1,1.0,0.0,575.7,51.7,3.0,0.0,0.9416362690000001,0.48549323,0.333333333,0.0,0.04630142,0,0,0,0.290486391,0,0,[0.99749583 0.00250417]
29,0,2,0,1,41,48,1,0,27804,13494,309.7045587,886.6498823,2.8628893489999996,2,7510.333333,1.796724513,122,0,23800,10410.0,368.1,45.9,10307.3,10539.0,419.1,0.0,0.0,0.98775975,0.878310666,0.0,0.0,0.035360231,0,1,0,0.739043783,1,1,[0.00625986 0.99374014]
234,0,0,0,1,42,47,1,0,7550,6200,219.72759280000002,659.0952997,2.999601877,2,5866.666667,1.056818182,114,0,6,13892.0,32.0,12.0,13848.0,13912.0,34.0,0.0,0.0,0.9985623920000001,0.9411764709999999,0.0,0.0,0.0023034839999999997,0,1,1,1.648564453,0,0,[0.9966791 0.0033209]
183,0,2,0,1,38,43,1,0,6243,4944,304.6545916,750.6187143,2.463835226,2,4954.0,0.9979814290000001,121,0,388,1468.9,32.9,69.0,0.0,1774.1,43.1,0.0,0.0,0.8279691109999999,0.763341067,0.0,0.0,0.022397713,0,1,0,0.625549316,1,1,[0.06701631 0.93298369]
746,0,0,0,1,52,17,1,0,2703,9483,171.6681623,515.004487,3.0,2,4977.0,1.9053646780000002,137,0,23800,2157.0,93.0,154.0,0.0,2387.2,199.3,277.9,0.0,0.903569035,0.466633216,0.554156171,0.0,0.043115438,0,1,1,25.75605469,0,0,[0.99899445 0.00100555]
702,0,0,0,1,27,41,0,0,1344,1140,0.013136864,0.030749321,2.340689655,0,1140.0,1.0,122,0,23800,323.5,60.5,262.0,0.0,354.3,76.3,276.0,0.0,0.913068021,0.792922674,0.9492753620000001,0.0,0.187017002,1,0,0,0.0015625,0,0,[9.99919738e-01 8.02617892e-05]
134,0,2,0,1,69,34,1,0,8526,2448,1.8977518080000002,5.693255424,3.0,1,2204.666667,1.110371938,600,0,23800,1444.7,20.7,18.0,0.0,1651.3,99.3,146.0,0.0,0.874886453,0.208459215,0.123287671,0.0,0.014328233999999999,1,0,0,0.009552409,0,1,[0.98717293 0.01282707]
531,0,0,0,1,30,41,1,0,1221,1230,14.42455928,43.27367783,3.0,2,1372.0,0.8965014579999999,122,0,23800,504.4,1.0,1.4,503.4,532.7,27.3,0.0,527.7,0.946874413,0.036630037000000004,0.0,0.953951109,0.001982554,0,0,1,2.163916016,0,0,[9.99865152e-01 1.34847575e-04]
638,0,0,0,1,30,30,1,0,4196,1440,24.02821604,72.08464813,3.0,1,1286.666667,1.1191709840000001,106,0,23800,2473.4,29.4,33.0,0.0,2666.2,142.2,113.0,0.0,0.927687345,0.206751055,0.292035398,0.0,0.011886472,0,0,1,3.607666016,0,0,[9.99224701e-01 7.75299076e-04]
677,0,0,0,1,34,40,0,0,5536,2768,86.46850872,257.35837940000005,2.976324944,2,2293.666667,1.2068013370000001,111,0,23800,2215.7,35.7,7.0,2104.6,2415.0,108.6,82.4,0.0,0.91747412,0.328729282,0.084951456,0.0,0.01611229,0,0,1,1.1699041190000001,0,0,[9.99709101e-01 2.90898640e-04]
176,0,0,0,1,179,52,0,0,5285,1900,0.0,0.0,0.0,1,1564.0,1.21483376,443,0,23800,5.0,5.0,0.0,0.0,6.0,6.0,0.0,0.0,0.833333333,0.833333333,0.0,0.0,1.0,1,0,0,0.0,1,1,[0.01434983 0.98565017]
192,0,2,0,1,53,26,0,0,31362,10213,23.93240579,61.80964184,2.582675657,2,8089.0,1.262578811,479,0,23800,2333.0,141.0,123.0,4.0,2848.5,384.5,338.0,0.0,0.8190275579999999,0.36671001299999995,0.363905325,0.0,0.060437205,0,0,0,0.060373305999999995,1,1,[0.00223811 0.99776189]
320,0,2,0,1,45,51,1,0,17715,4276,367.364364,1102.093092,3.0,2,4200.666667,1.017933661,90,0,4,33107.9,132.1,135.8,32832.0,33471.5,439.2,192.3,33193.6,0.9891370270000001,0.300774135,0.706188248,0.989106334,0.003989984,0,1,0,0.9785490040000001,0,0,[0.98878443 0.01121557]
529,0,0,0,1,40,81,1,0,6165,1976,351.0682348,1053.204704,3.0,2,1292.0,1.529411765,114,0,23800,2337.7,36.7,66.0,0.0,2467.9,42.9,0.0,0.0,0.947242595,0.855477855,0.0,0.0,0.015699192,0,1,0,1.0,0,0,[0.97244316 0.02755684]
876,0,0,0,1,44,45,1,0,1254,2202,22.82180723,59.40749073,2.603101943,2,2143.666667,1.027211942,185,0,23800,2526.0,48.0,39.0,2425.0,2872.5,168.5,116.0,2583.5,0.879373368,0.284866469,0.336206897,0.938649119,0.019002375,0,0,1,2.971630859,0,0,[9.99928318e-01 7.16823276e-05]
156,0,2,0,1,44,43,1,0,12522,2034,0.0,0.0,0.0,1,2528.666667,0.804376483,654,0,23800,51.0,9.0,42.0,0.0,60.0,11.0,0.0,0.0,0.85,0.818181818,0.0,0.0,0.176470588,1,0,0,0.0,1,1,[0.08450343 0.91549657]
